created_at,wallet,tx_hash,crystals,exit_asset,exit_amount,exit_usd,fifo_cost_usd,cost_basis_coverage,realized_profit_usd,owner_wallet
2026-08-09T11:41:41Z,0xf70da97812cb96acdf810712aa562db8dfa3dbef,0xa14a650165830d8ba086dd0da3dd07e81b5574b792c908fe921fc4787d664f40,5366894.743097006,RON/WRON,76.14430084500347,3.981646844926285,0.0,0.0,,False
2026-08-09T10:39:41Z,UNRESOLVED,0x74f2b5913554c51cf86afe11ba465121ed185a9ce7bf33059db1da88c6195bfa,4984479.321150358,USDC,1.0,1.0,2.394111805185699,0.39232094270411655,-1.394111805185699,False
2026-08-09T09:58:45Z,0xf1a4048812f970514771105962a0378df7153643,0xaa651a59fa6ffc541e2a12905d942945b0d35f625190be04149cd10c8c61236f,78539.63441960384,USDC,0.387311,0.387311,1.1897613824295492,1.0,-0.8024503824295492,False
2026-08-09T09:58:57Z,0xf1a4048812f970514771105962a0378df7153643,0x9dbdb801468552b3f53e095669e00d82c38a4db4664b2fd022efea9554db6dfd,81573.72109554427,USDC,0.381176,0.381176,0.6672605173666167,0.7405352218066805,-0.2860845173666167,False
2026-08-09T09:59:09Z,UNRESOLVED,0xcec7c505fe1f76cd300bad1c4a5295619c2c187805ef8f125410e631ba0a04be,57256.71805686018,USDC,0.240948,0.240948,0.6952013336604446,0.9999999999999999,-0.45425333366044457,False
2026-08-09T09:51:29Z,0x8a4379a0fad343161f1ee1699be97f17e93931c2,0x07321bb3baec0341978f173ea7d2db5301ab7face825f27e9b273b84a68bf372,22361.298261917385,USDC,0.194147,0.194147,0.09683428407377337,0.367260189412861,0.09731271592622662,False
2026-08-09T09:31:23Z,0x8a4379a0fad343161f1ee1699be97f17e93931c2,0x85edfde55ba6b7b06035dfd08e4dc3e80be8162fc7c8f2847f86a0e1c243d0a3,14044.385452050077,USDC,0.18707,0.18707,0.15264259022443477,0.6314631875569503,0.034427409775565215,False
2026-08-09T09:38:19Z,UNRESOLVED,0x6e4731f8e65e20e273a61f7a6a138b4fe6087e19fee60d62a54d42a6c22ac9b3,15847.210290572546,USDC,0.151398,0.151398,0.26011341421098455,1.0,-0.10871541421098455,False
2026-08-09T09:32:59Z,0x191165e42b06ef3b8786ab7c5980aa47199ea737,0x8f27e7b07650652bb0301d3924775aa60dc02bb236e2f34fe9b9587d89f35458,12118.711748589596,USDC,0.142261,0.142261,0.19788046951685861,0.9999999999999999,-0.055619469516858616,False
2026-08-09T09:51:37Z,0x191165e42b06ef3b8786ab7c5980aa47199ea737,0x0e12bae80b03015be5e01c7bc8b6799d7ce8644f077256eb3005718c5fbda9e9,15678.679509725824,USDC,0.134751,0.134751,0.23209599092550742,1.0,-0.09734499092550741,False
2026-08-09T09:30:17Z,0x8a4379a0fad343161f1ee1699be97f17e93931c2,0xa1bdabcaa0cdefb2fc25edb5676baf47400ae940028abae40941c88f31c1c019,9252.865826860765,USDC,0.134362,0.134362,0.16769103323210408,1.0,-0.033329033232104066,False
2026-08-09T09:35:47Z,0x8a4379a0fad343161f1ee1699be97f17e93931c2,0xe4c69bb5b2eb8843a8559724f2bf051bf5697ca3b9e01fec6c8ef5d5cfd47495,11685.590910945919,USDC,0.126551,0.126551,0.0,0.0,,False
2026-08-09T09:36:53Z,0x8a4379a0fad343161f1ee1699be97f17e93931c2,0x37c1d9a661274bad3be6914218ec73f503cfedbf54df91c0b3cf3a9319d6f0a6,12379.426402229823,USDC,0.125213,0.125213,0.0,0.0,,False
2026-08-09T09:29:35Z,0xf1a4048812f970514771105962a0378df7153643,0xd8644f180d15aff82d3cdafd2fea4bcdbb1a22c2f60d0aceeba5ee03116038b7,7652.915405371732,USDC,0.120301,0.120301,0.14620350211796057,1.0,-0.025902502117960566,False
2026-08-09T09:31:35Z,0x191165e42b06ef3b8786ab7c5980aa47199ea737,0xeb85274099065c10b7b3ce48c632a82d3492267af55075ba0fdb273ce7b9485a,8689.066918622799,USDC,0.112564,0.112564,0.15327679572026098,1.0,-0.040712795720260986,False
2026-08-09T09:59:17Z,0x191165e42b06ef3b8786ab7c5980aa47199ea737,0x3abc6b04b8aa8a513208a3d6c83ee1476cb036b9c16ea73fdd2b7e9275a07a64,25908.414001515506,USDC,0.111011,0.111011,0.2908461505546014,1.0,-0.1798351505546014,False
2026-08-09T09:24:09Z,0x191165e42b06ef3b8786ab7c5980aa47199ea737,0x97da1c9906605baad514acd5f2be2387346c246d06ea85720261d9a404eef77c,5546.324124717264,USDC,0.102128,0.102128,0.0,0.0,,False
2026-08-09T09:51:45Z,0x8a4379a0fad343161f1ee1699be97f17e93931c2,0xa4444c182ac4ace6f3e0e69813ccc8a7204dcbf2c48b1e5fa713c2f84883bf7f,12122.234693502887,USDC,0.102001,0.102001,0.10352084611835123,1.0,-0.0015198461183512368,False
2026-08-09T09:27:23Z,UNRESOLVED,0x6ab9f8d47d25438d897d9ffc1a02d800317ec47a0704c98b2b2c5d3a601b1cf4,5772.017494143302,USDC,0.100574,0.100574,0.0,0.0,,False
2026-08-09T09:59:33Z,0x191165e42b06ef3b8786ab7c5980aa47199ea737,0xd3e56e59b5e2ad46c0d828efc7b68b4fbf161685bf3c51312896a953b1898e46,25931.24895967258,USDC,0.10044,0.10044,0.23657020495299633,1.0,-0.13613020495299633,False
2026-08-09T09:59:25Z,0xf1a4048812f970514771105962a0378df7153643,0xadd72c2d61c4f5ef4d3196e241e6eacad0add00afa89971db67135761873e2c4,24058.265977495634,USDC,0.099506,0.099506,0.0,0.0,,False
2026-08-09T09:30:27Z,0x8a4379a0fad343161f1ee1699be97f17e93931c2,0x98f31929c066bbf19ae6e1a1a75f9e61228357921672b0e7b8abbe76c97a2716,6803.725946082131,USDC,0.098318,0.098318,0.11936020418388778,1.0,-0.021042204183887775,False
2026-08-09T09:35:39Z,0x8a4379a0fad343161f1ee1699be97f17e93931c2,0xd8bd45376b8e100599cdae474874c5bdd9df693f7ed94b85d20c933f275f71b3,8821.020712478059,USDC,0.096768,0.096768,0.022475455983296953,0.16808662388210724,0.07429254401670306,False
2026-08-09T09:37:01Z,0x191165e42b06ef3b8786ab7c5980aa47199ea737,0xd70d34a43982d3731d6855d3fd434e9759b04b1841d40351107a024c89bee1a9,9557.44605633145,USDC,0.095958,0.095958,0.1445548883179248,1.0,-0.04859688831792479,False
2026-08-09T09:24:01Z,0x8a4379a0fad343161f1ee1699be97f17e93931c2,0xfeabb8b8d4f9a2718a39b6973a3af8740e2ee41237ba719ae6aba2f4ed0f0d72,5066.1590788888425,USDC,0.095585,0.095585,0.0,0.0,,False
2026-08-09T09:14:05Z,0xf1a4048812f970514771105962a0378df7153643,0xec0d4c760b439a69a6d3b2209fb7b48b2ab59fa009b8e0a72ea55d2601f843b9,4836.760728515039,USDC,0.092857,0.092857,0.0,0.0,,False
2026-08-09T10:06:57Z,0x191165e42b06ef3b8786ab7c5980aa47199ea737,0x31938f7f67eb4ca71dd8cd810ceed89d902fefbc5fb639c1302a886f2f2021cf,20476.158693124897,USDC,0.086113,0.086113,0.17084243420199996,1.0,-0.08472943420199996,False
2026-08-09T09:38:31Z,0x191165e42b06ef3b8786ab7c5980aa47199ea737,0x65c9ddcbbe4d385bb2a470dd46e301d7e318f23fffe92c52934b88ded5161755,9176.704496145629,USDC,0.084643,0.084643,0.13879623130994795,1.0,-0.05415323130994795,False
2026-08-09T09:30:35Z,0xf1a4048812f970514771105962a0378df7153643,0x5ac0ed3a0f970239be8dcd019f6b260fbc3f41a0345e20fecb0cf558ec31b7c2,5944.8989432661765,USDC,0.084322,0.084322,0.11020796874645009,1.0,-0.02588596874645009,False
2026-08-09T09:15:03Z,0xf1a4048812f970514771105962a0378df7153643,0x164ed9df19405b78793881a02be48d990d65c550c3a57aa0326d3a67194ce4c1,4175.697452621209,USDC,0.082745,0.082745,0.0,0.0,,False
2026-08-09T09:31:45Z,0x191165e42b06ef3b8786ab7c5980aa47199ea737,0x329d51bae9edfaa1771f8b7374bb887561e542c4cff09210b8a72e32feca1978,6251.366555054963,USDC,0.080297,0.080297,0.10802088578812422,1.0,-0.027723885788124222,False
2026-08-09T09:24:17Z,UNRESOLVED,0xc44e43a8f5dfb0a042252d2802a82716cd544f4482978a11d9c49e4ba9904769,4282.347047831266,USDC,0.078638,0.078638,0.0,0.0,,False
2026-08-09T09:29:43Z,0x8a4379a0fad343161f1ee1699be97f17e93931c2,0xdbc7e7c185e015d93b3f1b1b2f489e3e8cf56d0a65590dffe66f78ee0eb57f6e,5015.455439236267,USDC,0.078338,0.078338,0.0936518401312594,1.0,-0.015313840131259401,False
2026-08-09T09:59:41Z,0xf1a4048812f970514771105962a0378df7153643,0x26528d2320c8842ff02c5a19253baccb6bc97f8f613e0c71204060f98b3b58ff,19955.69962380833,USDC,0.076684,0.076684,0.10640237887961793,1.0,-0.029718378879617924,False
2026-08-09T09:28:23Z,0x191165e42b06ef3b8786ab7c5980aa47199ea737,0xb62606ff951e97fb424e55aebfd4e6148cd87f5e1b162f0c5c7613f7213b4a3a,4579.3897946772695,USDC,0.076331,0.076331,0.08178374572421367,1.0,-0.00545274572421367,False
2026-08-09T09:05:25Z,UNRESOLVED,0xbe0826dd193f965bb1f44f8e6c4a4d267dccffc8cfc008349c11690b1d134d6d,4130.367600054884,USDC,0.075572,0.075572,0.0,0.0,,False
2026-08-09T09:35:55Z,0xf1a4048812f970514771105962a0378df7153643,0xeafbbee6dc444d55e8c9100271cc4c78096f471b58d731ff22368d9fd39924cb,7044.000631755247,USDC,0.075521,0.075521,0.11895320688989283,1.0,-0.04343220688989283,False
2026-08-09T09:40:49Z,UNRESOLVED,0x759bf5b1f2b6b781e6d36b45b6c42ac4fcbe6c07ab53c1fdc46bb7cb9533d90e,7764.04512645315,USDC,0.071017,0.071017,0.1146538124961338,1.0,-0.0436368124961338,False
2026-08-09T09:28:15Z,UNRESOLVED,0xc6253a04aefeb1f9ce04fcb6d67f695f11460fe9083b27f406490266ce17ba93,4187.026879963604,USDC,0.07041,0.07041,0.07511955349741656,1.0,-0.004709553497416558,False
2026-08-09T09:33:07Z,UNRESOLVED,0xc2b15b7a430efc119481c316fdb6aa1f7a55ce7197abdfdcf26d63740c9fb332,5976.7108424154785,USDC,0.069195,0.069195,0.10039818405203266,1.0,-0.03120318405203265,False
2026-08-09T09:51:53Z,0x191165e42b06ef3b8786ab7c5980aa47199ea737,0xdc402b66a54c886090b085a0c7fc1d15d724b4003528a458a4a3e9ac368a451c,8225.263030774118,USDC,0.068734,0.068734,0.10734045551247029,1.0,-0.038606455512470286,False
2026-08-09T09:28:31Z,0xf1a4048812f970514771105962a0378df7153643,0x656c445728f1457d5ad9065dafe0916e75f2295bc1dad575d7d1ef203f678629,4097.07934146227,USDC,0.06771,0.06771,0.07800716368050441,1.0,-0.010297163680504401,False
2026-08-09T09:27:15Z,0x191165e42b06ef3b8786ab7c5980aa47199ea737,0xa93f42f54a679dd58e23f57f93e48780ac2383e0ebf9ceacc1ecef3e613a5426,3743.1371872888653,USDC,0.067123,0.067123,0.0,0.0,,False
2026-08-09T09:27:37Z,0xf1a4048812f970514771105962a0378df7153643,0x38aa7bfd50f78241bb07f4a7d58da2b72ec3e7c61bb7cb2d6eb340d7d5dc3bce,3650.179945315838,USDC,0.063419,0.063419,0.06849648052029432,1.0,-0.005077480520294317,False
2026-08-09T09:30:21Z,0xf1a4048812f970514771105962a0378df7153643,0xacdeb9f0558a2838f29a2fc010845a8fb60c035f1b443df8e1ca6e07bf29dbdb,4113.979320042124,USDC,0.062228,0.062228,0.07839761490711691,1.0,-0.016169614907116915,False
2026-08-09T09:32:35Z,0xf1a4048812f970514771105962a0378df7153643,0x429078c83e45a85f9980e2ce6392a844b5f5f0b341db97ee1c0c4f3a9d026861,4733.624407746631,USDC,0.060432,0.060432,0.08660644885414731,1.0,-0.02617444885414731,False
2026-08-09T09:33:15Z,0x8a4379a0fad343161f1ee1699be97f17e93931c2,0x4d97e30696836092592476bb5ceb8297237f50c63176668d0fc7922ea2f14b30,5143.588262063286,USDC,0.059705,0.059705,0.07796913425861915,1.0,-0.018264134258619148,False
2026-08-09T09:38:39Z,0xf1a4048812f970514771105962a0378df7153643,0x995581105b9bc31188cbba26d55748be9155b8d1b858929e9ccafaa62e7fa48a,6202.569025948008,USDC,0.057047,0.057047,0.10474381181430746,1.0,-0.04769681181430746,False
2026-08-09T10:00:01Z,0x8a4379a0fad343161f1ee1699be97f17e93931c2,0xe38f5ca99b4fcbb2730686cc3a02f08e3296c42680fd8453a63a630ed9f42bed,14039.740470706334,USDC,0.055845,0.055845,0.0962609838207594,1.0,-0.0404159838207594,False
2026-08-09T09:29:25Z,0x8a4379a0fad343161f1ee1699be97f17e93931c2,0x4c07b17fb982f555108089897e965bdfa888532feaf0556794223154cda1b337,3216.054813264942,USDC,0.051576,0.051576,0.060405674353276206,1.0,-0.00882967435327621,False
2026-08-09T09:59:49Z,0x8a4379a0fad343161f1ee1699be97f17e93931c2,0x8781883a8949c709d80b435ae69a6ecf5f0a0bc081ad45c14746b6f49d556b06,13230.161594663661,USDC,0.050418,0.050418,0.11245543787565004,1.0,-0.062037437875650046,False
2026-08-09T09:14:01Z,0xf1a4048812f970514771105962a0378df7153643,0x847679ff2bd2388e7d1410aa2a197113d480ae76cf5d8bba2c7af5c956b5a15d,2492.053106767193,USDC,0.046641,0.046641,0.0,0.0,,False
